FID,REACH Area,Muncipality,Neighborhood,GEOID,Shape__Area,Shape__Length,Zip
1,Garfield,City of Pittsburgh,Garfield,42003101900,1482519.328125,4626.80692944419,15224
2,Larimer/Homewood/East Hills,City of Pittsburgh,Larimer,42003120900,1994159.5546875,6304.92211917814,15206
3,Larimer/Homewood/East Hills,City of Pittsburgh,Homewood North,42003130700,2209115.6796875,9968.20311518985,15208
4,Larimer/Homewood/East Hills,City of Pittsburgh,Homewood South,42003130800,1733736.03125,6548.67356213248,15208
5,Wilkinsburg,Wilkinsburg Borough,,42003564800,1403509.046875,5661.71379385681,15221
6,Wilkinsburg,Wilkinsburg Borough,,42003564700,1628857.9453125,7203.5126164996,15221
7,Mon Valley,North Braddock,,42003513000,4735431.1171875,12629.3620571722,15104
8,Northside,City of Pittsburgh,East Allegheny/North Shore,42003563202,1053546.98046875,5871.04491874192,15212
9,Northside,City of Pittsburgh,Central Northside,42003565100,1163020.9765625,5782.53195088797,15212
10,Northside,City of Pittsburgh,Northview Heights,42003261300,3387424.9453125,12632.6247638117,15214
11,Northside,City of Pittsburgh,Marshall-Shadeland,42003271600,3096375.6171875,11469.0394025416,15212
12,Hazelwood,City of Pittsburgh,Hazelwood,42003562901,4899127.140625,15349.6462298768,15207
13,South Hilltop,City of Pittsburgh,Arlington,42003161000,4569304.9140625,9772.64863011687,15210
14,South Hilltop,City of Pittsburgh,Knoxville,42003300100,1340212.0703125,4818.10796704417,15210
15,Northside,City of Pittsburgh,Perry South,42003261500,1964185.3359375,8363.90268931817,15214
16,Northside,City of Pittsburgh,Spring Hill-City View,42003262000,2850284.86328125,7683.99273433323,15212
17,Larimer/Homewood/East Hills,City of Pittsburgh,Lincoln-Lemington-Belmar,42003981800,3683193.828125,8417.85234430776,15206
18,West End,City of Pittsburgh,Crafton Heights,42003281400,2297231.26953125,6346.95551332917,15204
19,West End,Stowe Twp,,42003462600,1878894.41015625,6644.40219976295,15136
20,Mon Valley,Wilmerding,,42003508000,1918223.98046875,7779.54437657195,15148
21,Mon Valley,Homestead,,42003483800,2866141.00390625,9305.53842463318,15120
22,West End,McKees Rocks,,42003464400,3264101.9375,7924.78971210243,15136
23,Mon Valley,Duquesne,,42003486900,1672454.87109375,6399.72898970113,15110
24,Mon Valley,West Mifflin,,42003488200,5492524.4140625,11299.4664027144,15122
25,Mon Valley,Clairton,,42003492900,2887624.02734375,7765.42829792846,15025
26,Mon Valley,Whitaker,,42003485000,1460054.265625,6775.37185175041,15120
27,Mon Valley,Duquesne,,42003486700,4689739.24609375,8858.50965291333,15110
28,Mon Valley,McKeesport,,42003551900,3814630.30078125,12634.9810737109,15132
29,Wilkinsburg,Wilkinsburg Borough,,42003561500,2211789.7734375,8993.58201354658,15221
30,South Hilltop,City of Pittsburgh,Mount Oliver,42003481000,1518261.01171875,5448.61503635567,15210
31,West End,City of Pittsburgh,Esplen/Sheraden,42003562500,3883260.52734375,11643.912653804,15204
32,South Hilltop,City of Pittsburgh,Beltzhoover/Bon Air,42003562400,3266216.703125,8162.64809308561,15210
33,West End,City of Pittsburgh,Elliot/West End,42003562600,3942247.53515625,11362.85777631,15220
34,Larimer/Homewood/East Hills,City of Pittsburgh,Lincoln-Lemington-Belmar,42003561900,1869547.19140625,6588.59313528744,15206
35,Hill District,City of Pittsburgh,Middle Hill,42003050100,1366260.32421875,5812.27694642114,15219
36,Mon Valley,Clairton,,42003492800,2834143.49609375,8763.21427117426,15025
37,Northside,City of Pittsburgh,Perry South,42003261400,2095673.64453125,7188.21207136343,15214
38,South Hilltop,City of Pittsburgh,Allentown,42003180300,1327389.24609375,6242.24212634995,15210
39,Larimer/Homewood/East Hills,Penn Hills,,42003523200,5569120.5078125,11546.4711655648,15235
40,Mon Valley,Monroeville,,42003521301,13245851.1445313,24591.880426582,15146
41,Mon Valley,Braddock,,42003513800,2955157.88671875,7539.27053957314,15104
42,Northside,City of Pittsburgh,Fineview,42003250900,1113103.015625,5060.31685826019,15212
43,Mon Valley,Turtle Creek,,42003509400,4351737.0390625,12056.1174746615,15145
44,Hill District,City of Pittsburgh,Bedford Dwellings,42003050900,786655.18359375,5584.01778992494,15219
45,South Hilltop,City of Pittsburgh,Carrick ,42003290400,2768724.734375,11855.9163736278,15210
46,Mon Valley,North Versailles,,42003504100,15848591.9726563,19755.7310029121,15137
47,Hill District,City of Pittsburgh,Crawford-Roberts,42003030500,1603234.6875,5918.68663167742,15219
48,West End,City of Pittsburgh,Sheraden,42003202200,1533529.07421875,6652.37866277038,15204
49,Mon Valley,McKeesport,,42003551200,2254618.05859375,7141.62243090231,15132
50,Hill District,City of Pittsburgh,Terrace Village,42003051000,1117085.2578125,5580.70683068333,15219
51,Hill District,City of Pittsburgh,Terrace Village,42003051100,336328.265625,2433.03408774259,15213
52,Hazelwood,City of Pittsburgh,Glen Hazel,42003562300,5856939.12109375,10512.8241311492,15207
53,Larimer/Homewood/East Hills,City of Pittsburgh,Homewood North,42003130200,602594.55078125,3646.28899658117,15208
54,Larimer/Homewood/East Hills,City of Pittsburgh,East Hills,42003130600,2420771.828125,8906.08151252331,15221
55,Mon Valley,Clairton,,42003492700,7628933.54296875,17243.8176043589,15025
56,West End,Stowe Twp,,42003462100,8415352.8984375,15318.6899539353,15136
57,Mon Valley,Duquesne,,42003486800,2626995.15625,10157.2180343295,15110
58,Mon Valley,McKeesport,,42003552400,3943768.07421875,12328.8106022268,15132
59,Larimer/Homewood/East Hills,City of Pittsburgh,Lincoln-Lemington-Belmar,42003120300,1867534.46875,5700.96605168307,15206
60,Northside,City of Pittsburgh,Allegheny Center/Allegheny West,42003562700,1584022.7109375,5641.92384030748,15212
61,Mon Valley,East Pittsburgh,,42003510000,1732711.86328125,6260.45070095534,15112
62,Mon Valley,Rankin,,42003514000,2260974.71875,6052.22037865854,15104
63,Mon Valley,Braddock Hills,,42003517000,4273987.578125,12185.2292949883,15104
64,Mon Valley,McKeesport,,42003550900,1705787.40234375,7019.4264478894,15132
65,Mon Valley,McKeesport,,42003552000,1101951.0390625,4948.39639437521,15132
66,Mon Valley,McKeesport,,42003552100,1366165.5859375,6253.4879568735,15132
67,Mon Valley,McKeesport,,42003552200,1819869.09375,5793.91153160834,15132
68,Wilkinsburg,Wilkinsburg Borough,,42003560400,884471.81640625,4375.0093952516,15221
69,Mon Valley,McKeesport,,42003552300,1431978.37890625,6311.78336194402,15132
